32024,Al-Rashidi,Mohammed,01/10/2002,SR
54024,Al-Abbad,Wael,13/09/2003,JR
76024,Al-Yousef,Tarek,29/04/2003,JR
96427,Al-Buhairi,Yousif,05/03/2004,SO
45231,Al-Ghamdi,Mohammed,15/05/2005,FR
68035,Al-Tuwaijri,Meshaal,14/01/2002,SR
41236,Al-Faifi,Turki,22/09/2005,FR
99246,Al-Khaldi,Nassar,17/05/2005,FR
21246,Al-Thaqafi,Faisal,16/08/2005,FR
43246,Al-Balawi,Sami,08/12/2005,FR
55246,Al-Zahrani,Ghazi,01/11/2003,JR
67246,Al-Shamrani,Majid,01/12/2005,FR
79246,Al-Anazi,Khalid,25/11/2003,JR
81246,Al-Dowsari,Faisal,26/06/2003,JR
93246,Al-Hakami,Waleed,22/06/2005,FR
65246,Al-Ghanem,Mazen,19/02/2003,JR
87246,Al-Nassar,Khalil,04/12/2003,JR
78456,Al-Otaibi,Abdullah,23/11/2004,SO
99257,Al-Qarni,Tamim,05/11/2002,SR
32468,Al-Assiri,Khalid,14/07/2005,FR
54468,Al-Salman,Abdulrahman,06/06/2005,FR
14468,Al-Joufi,Abdulaziz,20/01/2005,FR
26468,Al-Jaber,Abdulrahman,14/12/2003,JR
38468,Al-Rasheed,Raed,08/01/2005,FR
40468,Al-Qahtani,Adel,02/11/2003,JR
52468,Al-Bugami,Meteb,28/12/2005,FR
76468,Al-Harthi,Amjad,15/08/2003,JR
98468,Al-Fahad,Basil,09/03/2003,JR
10468,Al-Qaisi,Maher,18/09/2005,FR
45678,Al-Shahrani,Meshal,03/06/2004,SO
10479,Al-Harthy,Ziyad,07/12/2002,SR
22479,Al-Tuwairqi,Fahd,27/09/2004,SO
43680,Al-Dossary,Meteb,11/09/2005,FR
65680,Al-Qurashi,Nawaf,04/01/2005,FR
87680,Al-Saadi,Tareq,24/01/2005,FR
99680,Al-Harbi,Firas,17/12/2003,JR
21680,Al-Hamdan,Elias,23/05/2005,FR
43702,Al-Jaber,Tareq,16/09/2003,JR
78912,Al-Anazi,Nawaf,27/08/2003,JR
66913,Al-Ammar,Hatim,22/03/2004,SO
76913,Al-Shehri,Mohammed,15/12/2002,SR
98913,Al-Sahli,Bandar,07/11/2002,SR
10913,Al-Qurayshi,Meshaal,03/11/2004,SO
96913,Al-Mutairi,Mishal,29/06/2002,SR
32913,Al-Shakir,Jamal,24/06/2002,SR
54913,Al-Khaldi,Hamza,29/08/2002,SR
75321,Al-Ruwaili,Majed,28/06/2004,SO
36925,Al-Malki,Saad,02/04/2005,FR
88135,Al-Harthi,Mishal,26/10/2002,SR
98135,Al-Malki,Fahad,09/06/2004,SO
10135,Al-Rashidi,Saud,03/05/2002,SR
32135,Al-Dosari,Malik,25/08/2002,SR
44135,Al-Ammar,Tamim,20/07/2004,SO
56135,Al-Shehri,Fawaz,18/09/2002,SR
68135,Al-Shahrani,Ibrahim,14/08/2004,SO
36542,Al-Shehri,Fahad,19/07/2002,SR
70135,Al-Hajri,Saud,15/03/2004,SO
82135,Al-Harthy,Mishary,09/02/2002,SR
94135,Al-Tuwairqi,Malik,03/02/2004,SO
88146,Al-Shehab,Azzam,21/04/2003,JR
32147,Al-Dawsari,Saleh,11/04/2002,SR
54135,Al-Jabri,Luay,08/10/2004,SO
76135,Al-Mansour,Jamil,12/06/2004,SO
21357,Al-Mutairi,Ibrahim,01/02/2002,SR
43357,Al-Tuwaijri,Mansour,23/01/2002,SR
15357,Al-Qurayshi,Mansour,03/09/2004,SO
27357,Al-Mutlaq,Ziyad,25/09/2002,SR
39357,Al-Otaibi,Fahd,21/08/2004,SO
41357,Al-Dawsari,Thamer,15/08/2002,SR
87357,Al-Eid,Ahmad,18/07/2004,SO
91368,Al-Awaji,Sami,12/03/2003,JR
11368,Al-Saadi,Ghazi,13/02/2005,FR
32579,Al-Ghamdi,Thamer,30/07/2002,SR
54579,Al-Barrak,Meshal,21/09/2002,SR
76579,Al-Qarni,Ammar,11/10/2002,SR
88579,Al-Subaie,Badr,06/09/2004,SO
98579,Al-Tamimi,Qusai,28/12/2004,SO
10579,Al-Ghaith,Dawood,02/10/2002,SR
74185,Al-Ahmari,Faisal,20/05/2003,JR
12987,Al-Qahtani,Ahmed,08/02/2003,JR
36987,Al-Rashidi,Hassan,14/11/2002,SR
35789,Al-Shammari,Rayan,30/01/2003,JR
65791,Al-Dawsari,Majed,17/08/2002,SR
35792,Al-Joufi,Hamad,28/11/2005,FR
87791,Al-Harthy,Bader,09/04/2002,SR
11791,Al-Ghamdi,Hatim,30/03/2002,SR
23791,Al-Faifi,Mohammed,28/06/2004,SO
35791,Al-Najrani,Majed,30/10/2004,SO
47791,Al-Tuwaijri,Hassan,23/12/2002,SR
59791,Al-Zahir,Bader,18/12/2004,SO
61791,Al-Harthi,Musaed,11/11/2002,SR
73791,Al-Malki,Hatim,07/10/2004,SO
21791,Al-Wabil,Saif,07/01/2002,SR
55802,Al-Rasheed,Firas,14/12/2005,FR
65802,Al-Qahtani,Abdullah,04/04/2003,JR
87802,Al-Dowsari,Talal,26/08/2003,JR
21802,Al-Rubaian,Idris,03/11/2003,JR
43802,Al-Jabr,Ghassan,06/01/2003,JR
43791,Al-Tahan,Qais,23/02/2002,SR
77024,Al-Zahrani,Turki,05/08/2003,JR
87024,Al-Shamrani,Omar,28/03/2005,FR
21024,Al-Jaber,Nasser,14/02/2003,JR
33024,Al-Rasheed,Azzam,09/04/2005,FR
45024,Al-Qahtani,Nassar,07/03/2003,JR
57024,Al-Bugami,Ahmed,03/05/2005,FR
69024,Al-Qurashi,Turki,04/11/2005,FR
71024,Al-Awaji,Rayan,28/10/2003,JR
65432,Al-Harbi,Khalid,25/03/2003,JR
83024,Al-Saadi,Nasser,23/10/2005,FR
95024,Al-Harbi,Azzam,16/09/2003,JR
77035,Al-Zahir,Basel,08/07/2004,SO
43024,Al-Hazmi,Kareem,17/04/2005,FR
65024,Al-Luhaibi,Imad,20/03/2005,FR
10246,Al-Ruwaili,Ahmed,20/09/2003,JR
32246,Al-Yami,Waleed,12/10/2003,JR
16246,Al-Sulaim,Sami,14/05/2003,JR
28246,Al-Dossary,Ghazi,10/05/2005,FR
30246,Al-Ahmari,Majid,04/04/2003,JR
76246,Al-Dahlan,Zain,26/11/2005,FR
98246,Al-Ahmadi,Walid,14/07/2005,FR
80257,Al-Omari,Malik,30/08/2004,SO
21468,Al-Harbi,Majid,19/02/2003,JR
43468,Al-Shammari,Abdulaziz,10/03/2003,JR
65468,Al-Shehab,Raed,30/06/2003,JR
77468,Al-Khaldi,Adel,25/05/2005,FR
89468,Al-Ruwaili,Meteb,23/07/2003,JR
91468,Al-Thaqafi,Saad,19/07/2005,FR
25874,Al-Assiri,Sultan,17/03/2002,SR
87468,Al-Salem,Omar,05/08/2005,FR
24680,Al-Barrak,Mishary,22/05/2002,SR
24681,Al-Sahli,Yasser,03/09/2002,SR
54680,Al-Ahmari,Saad,06/01/2003,JR
76680,Al-Awaji,Hamad,28/12/2003,JR
12680,Al-Assiri,Abdullah,17/02/2005,FR
36680,Al-Yami,Nawaf,12/08/2003,JR
48680,Al-Balawi,Hamad,07/09/2005,FR
50680,Al-Zahrani,Tareq,30/07/2003,JR
62680,Al-Shamrani,Firas,26/07/2005,FR
74680,Al-Anazi,Abdullah,20/06/2003,JR
98680,Al-Malik,Ghaith,29/07/2005,FR
32691,Al-Qurayshi,Ammar,24/05/2004,SO
44691,Al-Mutlaq,Badr,31/03/2002,SR
10680,Al-Utaibi,Rami,14/05/2003,JR
32680,Al-Saeed,Osama,31/10/2003,JR
23498,Al-Zahrani,Ibrahim,12/01/2004,SO
98712,Al-Dossari,Omar,30/09/2005,FR
87913,Al-Shahrani,Sultan,11/04/2004,SO
21913,Al-Mutlaq,Basel,27/12/2002,SR
33913,Al-Otaibi,Mishal,24/11/2004,SO
45913,Al-Dawsari,Fahad,20/01/2002,SR
57913,Al-Barrak,Sultan,21/08/2002,SR
69913,Al-Omari,Bandar,17/07/2004,SO
71913,Al-Qarni,Meshaal,10/07/2002,SR
83913,Al-Subaie,Basel,05/06/2004,SO
43913,Al-Zamil,Umar,21/02/2004,SO
65913,Al-Wahabi,Saber,07/08/2004,SO
89123,Al-Mutairi,Naif,05/12/2003,JR
95123,Al-Bugami,Abdulaziz,16/07/2005,FR
96325,Al-Subaie,Saud,09/10/2004,SO
95124,Al-Najrani,Bandar,19/12/2004,SO
57924,Al-Yami,Khalil,09/10/2003,JR
65924,Al-Balawi,Muhannad,03/10/2005,FR
97531,Al-Dowsari,Abdulrahman,26/07/2003,JR
21135,Al-Mousa,Mishary,01/07/2004,SO
17135,Al-Ghamdi,Tamim,27/01/2002,SR
29135,Al-Faifi,Fawaz,23/01/2004,SO
43135,Al-Thaqafi,Omar,14/02/2005,FR
65135,Al-Bassam,Yasir,05/04/2002,SR
87135,Al-Zein,Usama,21/11/2002,SR
79146,Al-Salman,Nasser,25/06/2005,FR
10357,Al-Subaie,Fawaz,08/11/2004,SO
32357,Al-Najrani,Saleh,27/12/2004,SO
54357,Al-Zahir,Ziyad,19/03/2004,SO
66357,Al-Harthi,Fahd,12/02/2002,SR
78357,Al-Malki,Thamer,12/04/2004,SO
80357,Al-Rashidi,Yazeed,06/04/2002,SR
92357,Al-Sahli,Saleh,07/10/2002,SR
76357,Al-Nasser,Nadir,12/09/2002,SR
98357,Al-Obaid,Laith,27/07/2002,SR
15975,Al-Thaqafi,Talal,08/03/2005,FR
13579,Al-Qurashi,Waleed,11/08/2005,FR
21580,Al-Hakami,Raed,19/01/2005,FR
33580,Al-Sulaim,Adel,09/06/2003,JR
43579,Al-Faifi,Yazeed,25/10/2004,SO
65579,Al-Omari,Yasser,17/09/2004,SO
25579,Al-Mousa,Meshal,01/05/2004,SO
37579,Al-Dosari,Yasser,25/05/2002,SR
49579,Al-Ammar,Ammar,19/04/2004,SO
51579,Al-Shehri,Badr,13/03/2002,SR
63579,Al-Shahrani,Naif,09/03/2004,SO
14789,Al-Shamrani,Yazeed,14/08/2002,SR
87579,Al-Zahid,Fawaz,06/05/2002,SR
54791,Al-Otaibi,Naif,23/01/2004,SO
76791,Al-Hajri,Hassan,15/05/2004,SO
98791,Al-Tuwairqi,Musaed,10/10/2004,JR
10791,Al-Thunayan,Hisham,11/01/2004,SO
32791,Al-Ibrahim,Fahed,15/11/2004,SO
21579,Al-Rayes,Nabil,09/04/2004,SO
99999,al mobarak,maryam,19/12/2004,SO
